name,type,nyse,
Abbott Laboratories,NYSE,ABT,_- Health Care / Health Care Equipment & Services
AbbVie,NYSE,ABBV,_- Health Care / Pharmaceuticals
Accenture,NYSE,ACN,_- Information Technology / IT Consulting & Other Services
ACE Limited,NYSE,ACE,_- Financials / Property & Casualty Insurance
Actavis plc,NYSE,ACT,_- Health Care / Pharmaceuticals
Adobe Systems Inc,NASDAQ,ADBE,_- Information Technology / Application Software
ADT Corp,NYSE,ADT,_- Industrials / Diversified Commercial Services
AES Corp,NYSE,AES,_- Utilities / Independent Power Producers & Energy Traders
Aetna Inc,NYSE,AET,_- Health Care / Managed Health Care
"Affiliated Managers Group, Inc",NYSE,AMG,_- Financials / Asset Management & Custody Banks
Agilent Technologies Inc,NYSE,A,_- Health Care / Health Care Equipment & Services
AGL Resources Inc,NYSE,GAS,_- Utilities / Gas Utilities
"Air Products & Chemicals, Inc",NYSE,APD,_- Materials / Industrial Gases
"Airgas, Inc",NYSE,ARG,_- Materials / Industrial Gases
"Akamai Technologies, Inc",NASDAQ,AKAM,_- Information Technology / Internet Software & Services
Alcoa,NYSE,AA,_- Materials / Aluminum
"Alexion Pharmaceuticals, Inc",NASDAQ,ALXN,_- Health Care / Biotechnology
Allegheny Technologies Inc,NYSE,ATI,_- Materials / Diversified Metals & Mining
Allegion plc,NYSE,ALLE,_- Industrials / Building Products
Alliance Data Systems Corporation,NYSE,ADS,_- Industrials / Business Support Services
Allstate Corp,NYSE,ALL,_- Financials / Property & Casualty Insurance
Altera Corporation,NASDAQ,ALTR,_- Information Technology / Semiconductors
Altria Group Inc,NYSE,MO,_- Consumer Staples / Tobacco
"Amazon.com, Inc",NASDAQ,AMZN,_- Consumer Discretionary / Internet Retail
Ameren Corp,NYSE,AEE,_- Utilities / MultiUtilities
American Airlines Group Inc,NASDAQ,AAL,_- Industrials / Airlines
American Electric Power Company Inc,NYSE,AEP,_- Utilities / Electric Utilities
American Express Company,NYSE,AXP,_- Financials / Consumer Finance
American International Group Inc,NYSE,AIG,_- Financials / Property & Casualty Insurance
American Tower Corp,NYSE,AMT,_- Financials / Specialized REITs
"Ameriprise Financial, Inc.",NYSE,AMP,_- Financials / Diversified Financial Services
AmerisourceBergen Corp.,NYSE,ABC,_- Health Care / Health Care Distribution & Services
"AMETEK, Inc.",NYSE,AME,_- Industrials / Electrical Components & Equipment
"Amgen, Inc.",NASDAQ,AMGN,_- Health Care / Biotechnology
Amphenol Corporation,NYSE,APH,_- Industrials / Electrical Components & Equipment
Anadarko Petroleum Corporation,NYSE,APC,_- Energy / Oil & Gas Exploration & Production
"Analog Devices, Inc.",NASDAQ,ADI,_- Information Technology / Semiconductors
Aon Plc,NYSE,AON,_- Financials / Insurance Brokers
Anthem Inc,NYSE,ANTM,_- Health Care / Managed Health Care
Apache Corporation,NYSE,APA,_- Energy / Oil & Gas Exploration & Production
Apartment Investment and Management Co,NYSE,AIV,_- Financials / Residential REITs
Apple Inc.,NASDAQ,AAPL,_- Information Technology / Computer Hardware
"Applied Materials, Inc.",NASDAQ,AMAT,_- Information Technology / Semiconductor Equipment
Archer Daniels Midland Company,NYSE,ADM,_- Consumer Staples / Agricultural Products
"Assurant, Inc.",NYSE,AIZ,_- Financials / Multi-line Insurance
AT&T Inc.,NYSE,T,_- Information Technology / Application Software
Automatic Data Processing,NASDAQ,ADP,_- Information Technology / Internet Software & Services
"AutoNation, Inc.",NYSE,AN,_- Consumer Discretionary / Specialty Stores
"AutoZone, Inc.",NYSE,AZO,_- Consumer Discretionary / Specialty Stores
Avago Technologies Ltd,NASDAQ,AVGO,_- Information Technology / Semiconductors
AvalonBay Communities Inc,NYSE,AVB,_- Financials / Residential REITs
Avery Dennison Corp,NYSE,AVY,_- Materials / Paper Packaging
Baker Hughes Incorporated,NYSE,BHI,_- Energy / Oil & Gas Equipment & Services
Ball Corporation,NYSE,BLL,_- Materials / Metal & Glass Containers
Bank of America Corp,NYSE,BAC,_- Financials / Banks
Bank of New York Mellon Corp,NYSE,BK,_- Financials / Banks
C R Bard Inc,NYSE,BCR,_- Health Care / Health Care Equipment & Services
Baxter International Inc.,NYSE,BAX,_- Health Care / Health Care Equipment & Services
BB&T Corporation,NYSE,BBT,_- Financials / Banks
"Becton, Dickinson and Co.",NYSE,BDX,_- Health Care / Health Care Equipment & Services
Bed Bath & Beyond Inc.,NASDAQ,BBBY,_- Consumer Discretionary / Specialty Stores
Berkshire Hathaway Inc.,NYSE,BRK.B,_- Financials / Multi-Sector Holdings
Best Buy Co Inc,NYSE,BBY,_- Consumer Discretionary / Computer & Electronics Retail
Biogen Inc,NASDAQ,BIIB,_- Health Care / Biotechnology
"BlackRock, Inc.",NYSE,BLK,_- Financials / Asset Management & Custody Banks
H & R Block Inc,NYSE,HRB,_- Financials / Consumer Finance
Boeing Co,NYSE,BA,_- Industrials / Aerospace & Defense
BorgWarner Inc.,NYSE,BWA,_- Consumer Discretionary / Auto Parts & Equipment
"Boston Properties, Inc.",NYSE,BXP,_- Financials / REITs
Boston Scientific Corporation,NYSE,BSX,_- Health Care / Health Care Equipment & Services
Broadcom Corporation,NASDAQ,BRCM,_- Information Technology / Semiconductors
Brown-Forman Corporation,NYSE,BF.B,_- Consumer Staples / Distillers & Vintners
"C.H. Robinson Worldwide, Inc.",NASDAQ,CHRW,
"CA, Inc.",NASDAQ,CA,_- Information Technology / Systems Software
Cablevision Systems Corporation,NYSE,CVC,_- Consumer Discretionary / Broadcasting & Cable TV
Cabot Oil & Gas Corporation,NYSE,COG,_- Energy / Oil & Gas Exploration & Production
Cameron International Corporation,NYSE,CAM,_- Energy / Oil & Gas Equipment & Services
Campbell Soup Company,NYSE,CPB,_- Financials / Consumer Finance
Cardinal Health Inc,NYSE,CAH,_- Health Care / Health Care Distributors & Services
"Henry Schein, Inc.",NASDAQ,HSIC,_- Health Care / Health Care Distributors
"CarMax, Inc",NYSE,KMX,_- Consumer Discretionary / Specialty Stores
Carnival Corp,NYSE,CCL,"_- Consumer Discretionary / Hotels, Resorts & Cruise Lines"
Caterpillar Inc.,NYSE,CAT,_- Industrials / Construction & Farm Machinery & Heavy Trucks
CBRE Group Inc,NYSE,CBG,_- Financials / Real Estate Services
CBS Corporation,NYSE,CBS,_- Consumer Discretionary / Broadcasting & Cable TV
Celgene Corporation,NASDAQ,CELG,_- Health Care / Biotechnology
"CenterPoint Energy, Inc.",NYSE,CNP,_- Utilities / MultiUtilities
Centurylink Inc,NYSE,CTL,_- Telecommunications Services / Integrated Telecommunications Services
Cerner Corporation,NASDAQ,CERN,_- Health Care / Health Care Distributors & Services
"CF Industries Holdings, Inc.",NYSE,CF,_- Materials / Fertilizers & Agricultural Chemicals
Charles Schwab Corp,NYSE,SCHW,_- Financials / Investment Banking & Brokerage
Chesapeake Energy Corporation,NYSE,CHK,_- Energy / Integrated Oil & Gas
Chevron Corporation,NYSE,CVX,_- Energy / Integrated Oil & Gas
"Chipotle Mexican Grill, Inc.",NYSE,CMG,_- Consumer Discretionary / Restaurants
Chubb Corp,NYSE,CB,_- Financials / Property & Casualty Insurance
CIGNA Corporation,NYSE,CI,_- Health Care / Managed Health Care
Cimarex Energy Co,NYSE,XEC,_- Energy / Oil & Gas Exploration & Production
Cincinnati Financial Corporation,NASDAQ,CINF,_- Financials / Property & Casualty Insurance
Cintas Corporation,NASDAQ,CTAS,_- Industrials / Diversified Support Services
"Cisco Systems, Inc.",NASDAQ,CSCO,_- Information Technology / Networking Equipment
Citigroup Inc,NYSE,C,_- Financials / Banks
"Citrix Systems, Inc.",NASDAQ,CTXS,_- Information Technology / Internet Software & Services
Clorox Co,NYSE,CLX,_- Consumer Staples / Household Products
CME Group Inc,NASDAQ,CME,_- Financials / Diversified Financial Services
CMS Energy Corporation,NYSE,CMS,_- Utilities / MultiUtilities
Coach Inc,NYSE,COH,"_- Consumer Discretionary / Apparel, Accessories & Luxury Goods"
The Coca-Cola Co,NYSE,KO,_- Consumer Staples / Soft Drinks
Coca-Cola Enterprises Inc,NYSE,CCE,_- Consumer Staples / Soft Drinks
Cognizant Technology Solutions Corp,NASDAQ,CTSH,_- Information Technology / IT Consulting & Services
Colgate-Palmolive Company,NYSE,CL,_- Consumer Staples / Household Products
Comcast Corporation,NASDAQ,CMCSA,_- Consumer Discretionary / Broadcasting & Cable TV
Comerica Incorporated,NYSE,CMA,_- Financials / Banks
Computer Sciences Corporation,NYSE,CSC,_- Information Technology / IT Consulting & Services
ConAgra Foods Inc,NYSE,CAG,_- Consumer Staples / Packaged Foods & Meats
ConocoPhillips,NYSE,COP,_- Energy / Oil & Gas Exploration & Production
CONSOL Energy Inc.,NYSE,CNX,_- Energy / Coal & Consumable Fuels
"Consolidated Edison, Inc.",NYSE,ED,_- Utilities / Electric Utilities
"Constellation Brands, Inc.",NYSE,STZ,_- Consumer Staples / Distillers & Vintners
Corning Incorporated,NYSE,GLW,_- Industrials / Construction & Engineering
Costco Wholesale Corporation,NASDAQ,COST,_- Consumer Staples / Hypermarkets & Super Centers
Crown Castle International Corp,NYSE,CCI,_- Financials / REITs
CSX Corporation,NYSE,CSX,_- Industrials / Railroads
Cummins Inc.,NYSE,CMI,_- Industrials / Industrial Machinery
CVS Health Corp,NYSE,CVS,_- Consumer Staples / Drug Retail
"D.R. Horton, Inc.",NYSE,DHI,_- Consumer Discretionary / Homebuilding
Danaher Corporation,NYSE,DHR,_- Industrials / Industrial Machinery
"Darden Restaurants, Inc.",NYSE,DRI,_- Consumer Discretionary / Restaurants
DaVita HealthCare Partners Inc,NYSE,DVA,_- Health Care / Health Care Facilities
Deere & Company,NYSE,DE,_- Industrials / Construction & Farm Machinery & Heavy Trucks
Delphi Automotive PLC,NYSE,DLPH,_- Consumer Discretionary / Auto Parts & Equipment
"Delta Air Lines, Inc.",NYSE,DAL,_- Industrials / Airlines
DENTSPLY International Inc.,NASDAQ,XRAY,_- Health Care / Health Care Supplies
Devon Energy Corp,NYSE,DVN,_- Energy / Oil & Gas Exploration & Production
Diamond Offshore Drilling Inc,NYSE,DO,_- Energy / Oil & Gas Drilling
Directv,NASDAQ,DTV,_- Consumer Discretionary / Broadcasting & Cable TV
Discover Financial Services,NYSE,DFS,_- Financials / Consumer Finance
Discovery Communications Inc.,NASDAQ,DISCA,_- Consumer Discretionary / Broadcasting & Cable TV
Dollar General Corp.,NYSE,DG,_- Consumer Discretionary / General Merchandise Stores
"Dollar Tree, Inc.",NASDAQ,DLTR,_- Consumer Discretionary / General Merchandise Stores
"Dominion Resources, Inc.",NYSE,D,_- Utilities / Electric Utilities
Dover Corp,NYSE,DOV,_- Industrials / Industrial Machinery
Dow Chemical Co,NYSE,DOW,_- Materials / Diversified Chemicals
Dr Pepper Snapple Group Inc.,NYSE,DPS,_- Consumer Staples / Soft Drinks
DTE Energy Co,NYSE,DTE,_- Utilities / MultiUtilities
E I Du Pont De Nemours And Co,NYSE,DD,_- Materials / Diversified Chemicals
Duke Energy Corp,NYSE,DUK,_- Utilities / Electric Utilities
Dun & Bradstreet Corp,NYSE,DNB,_- Industrials / Data Processing Services
E*TRADE Financial Corp,NASDAQ,ETFC,_- Financials / Investment Banking & Brokerage
Eastman Chemical Company,NYSE,EMN,_- Materials / Diversified Chemicals
Eaton Corp plc,NYSE,ETN,_- Industrials / Industrial Conglomerates
eBay Inc,NASDAQ,EBAY,_- Information Technology / Internet Software & Services
Ecolab Inc.,NYSE,ECL,_- Materials / Specialty Chemicals
Edison International,NYSE,EIX,_- Utilities / Electric Utilities
Edwards Lifesciences Corp,NYSE,EW,_- Health Care / Health Care Equipment & Services
Electronic Arts Inc.,NASDAQ,EA,_- Information Technology / Home Entertainment Software
EMC Corporation,NYSE,EMC,_- Information Technology / IT Consulting & Services
Emerson Electric Co.,NYSE,EMR,_- Industrials / Industrial Conglomerates
Endo International plc,NASDAQ,ENDP,_- Health Care / Pharmaceuticals
Ensco plc,NYSE,ESV,_- Energy / Oil & Gas Drilling
Entergy Corporation,NYSE,ETR,_- Utilities / Electric Utilities
EOG Resources Inc,NYSE,EOG,_- Energy / Oil & Gas Exploration & Production
EQT Corporation,NYSE,EQT,_- Energy / Oil & Gas Exploration & Production
Equifax Inc.,NYSE,EFX,_- Financials / Diversified Financial Services
Equinix Inc,NASDAQ,EQIX,_- Information Technology / Internet Software & Services
Equity Residential,NYSE,EQR,_- Financials / REITs
Essex Property Trust Inc,NYSE,ESS,_- Financials / Residential REITs
Estee Lauder Companies Inc,NYSE,EL,_- Consumer Staples / Personal Products
Eversource Energy ,NYSE,ES,_- Utilities / MultiUtilities
Exelon Corporation ,NYSE,EXC,_- Utilities / MultiUtilities
Expedia Inc ,NASDAQ,EXPE,"_- Consumer Discretionary / Hotels, Resorts & Cruise Lines"
Expeditors International of Washington ,NASDAQ,EXPD,_- Industrials / Air Freight & Logistics
Express Scripts Holding Company ,NASDAQ,ESRX,_- Health Care / Health Care Distributors & Services
Exxon Mobil Corporation ,NYSE,XOM,_- Energy / Integrated Oil & Gas
"F5 Networks, Inc. ",NASDAQ,FFIV,_- Information Technology / Networking Equipment
Facebook Inc ,NASDAQ,FB,_- Information Technology / Internet Software & Services
"Family Dollar Stores, Inc. ",NYSE,FDO,_- Consumer Discretionary / General Merchandise Stores
Fastenal Company ,NASDAQ,FAST,_- Industrials / Building Products
FedEx Corporation ,NYSE,FDX,_- Industrials / Air Freight & Logistics
Fidelity National Information Services ,NYSE,FIS,_- Information Technology / Internet Software & Services
Fifth Third Bancorp ,NASDAQ,FITB,_- Financials / Banks
"First Solar, Inc. ",NASDAQ,FSLR,_- Information Technology / Semiconductors
FirstEnergy Corp. ,NYSE,FE,_- Utilities / Electric Utilities
Fiserv Inc ,NASDAQ,FISV,_- Information Technology / Internet Software & Services
"FLIR Systems, Inc. ",NASDAQ,FLIR,_- Industrials / Aerospace & Defense
Flowserve Corp ,NYSE,FLS,_- Industrials / Industrial Machinery
Fluor Corporation ,NYSE,FLR,_- Industrials / Diversified Commercial Services
FMC Corp ,NYSE,FMC,_- Materials / Diversified Chemicals
"FMC Technologies, Inc. ",NYSE,FTI,_- Energy / Oil & Gas Equipment & Services
Ford Motor Company ,NYSE,F,_- Consumer Discretionary / Automobile Manufacturers
Fossil Group Inc ,NASDAQ,FOSL,"_- Consumer Discretionary / Apparel, Accessories & Luxury Goods"
"Franklin Resources, Inc. ",NYSE,BEN,_- Financials / Asset Management & Custody Banks
Freeport-McMoRan Inc ,NYSE,FCX,
Frontier Communications Corp ,NASDAQ,FTR,_- Telecommunications Services / Integrated Telecommunications Services
GameStop Corp. ,NYSE,GME,_- Consumer Discretionary / Computer & Electronics Retail
"Gannett Co., Inc. ",NYSE,GCI,_- Consumer Discretionary / Publishing
Gap Inc ,NYSE,GPS,_- Consumer Discretionary / Apparel Retail
Garmin Ltd. ,NASDAQ,GRMN,_- Consumer Discretionary / Consumer Electronics
General Dynamics Corporation ,NYSE,GD,_- Industrials / Aerospace & Defense
General Electric Company ,NYSE,GE,_- Industrials / Industrial Conglomerates
General Growth Properties Inc ,NYSE,GGP,_- Financials / REITs
"General Mills, Inc. ",NYSE,GIS,_- Consumer Staples / Packaged Foods & Meats
General Motors Company ,NYSE,GM,_- Consumer Discretionary / Automobile Manufacturers
Genuine Parts Company ,NYSE,GPC,_- Consumer Discretionary / Specialty Stores
Genworth Financial Inc ,NYSE,GNW,_- Financials / Life & Health Insurance
"Gilead Sciences, Inc. ",NASDAQ,GILD,_- Health Care / Biotechnology
Goldman Sachs Group Inc ,NYSE,GS,_- Financials / Investment Banking & Brokerage
Goodyear Tire & Rubber Co ,NASDAQ,GT,_- Consumer Discretionary / Tires & Rubber
Google Inc ,NASDAQ,GOOG,_- Information Technology / Internet Software & Services
Grainger ,W.W.,, Inc. 
Halliburton Company ,NYSE,HAL,_- Energy / Oil & Gas Equipment & Services
Hanesbrands Inc. ,NYSE,HBI,"_- Consumer Discretionary / Apparel, Accessories & Luxury Goods"
Harley-Davidson Inc ,NYSE,HOG,_- Consumer Discretionary / Motorcycle Manufacturers
Harman International Industries Inc. ,NYSE,HAR,_- Consumer Discretionary / Consumer Electronics
Harris Corporation ,NYSE,HRS,_- Information Technology / Telecommunications Equipment
Hartford Financial Services Group Inc ,NYSE,HIG,
"Hasbro, Inc. ",NASDAQ,HAS,_- Consumer Discretionary / Leisure Products
HCA Holdings Inc ,NYSE,HCA,_- Health Care / Health Care Facilities
"HCP, Inc. ",NYSE,HCP,_- Financials / REITs
"Health Care REIT, Inc. ",NYSE,HCN,_- Financials / REITs
"Helmerich & Payne, Inc. ",NYSE,HP,_- Energy / Oil & Gas Drilling
Hershey Co ,NYSE,HSY,_- Consumer Staples / Packaged Foods & Meats
Hess Corp. ,NYSE,HES,_- Energy / Integrated Oil & Gas
Hewlett-Packard Company ,NYSE,HPQ,_- Information Technology / Computer Hardware
Home Depot Inc ,NYSE,HD,_- Consumer Discretionary / Home Improvement Retail
Honeywell International Inc. ,NYSE,HON,_- Industrials / Industrial Conglomerates
Hormel Foods Corp ,NYSE,HRL,_- Consumer Staples / Packaged Foods & Meats
"Hospira, Inc. ",NYSE,HSP,_- Health Care / Health Care Equipment & Services
Host Hotels and Resorts Inc ,NYSE,HST,_- Financials / REITs
"Hudson City Bancorp, Inc. ",NASDAQ,HCBK,_- Financials / Thrifts & Mortgage Finance
Humana Inc ,NYSE,HUM,_- Health Care / Managed Health Care
Huntington Bancshares Incorporated ,NASDAQ,HBAN,_- Financials / Banks
Illinois Tool Works Inc. ,NYSE,ITW,_- Industrials / Industrial Machinery
Ingersoll-Rand PLC ,NYSE,IR,_- Industrials / Industrial Conglomerates
"Integrys Energy Group, Inc. ",NYSE,TEG,_- Utilities / MultiUtilities
Intel Corporation ,NASDAQ,INTC,_- Information Technology / Semiconductors
Intercontinental Exchange Inc ,NYSE,ICE,_- Financials / Diversified Financial Services
International Business Machines Corp. ,NYSE,IBM,_- Information Technology / IT Consulting & Services
International Paper Co ,NYSE,IP,_- Materials / Paper Products
Interpublic Group of Companies Inc ,NYSE,IPG,_- Consumer Discretionary / Advertising
International Flavors & Fragrances Inc ,NYSE,IFF,_- Materials / Specialty Chemicals
Intuit Inc. ,NASDAQ,INTU,_- Information Technology / Internet Software & Services
"Intuitive Surgical, Inc. ",NASDAQ,ISRG,_- Health Care / Health Care Equipment & Services
Invesco Ltd. ,NYSE,IVZ,_- Financials / Asset Management & Custody Banks
Iron Mountain Inc ,NYSE,IRM,_- Industrials / Data Processing Services
Jacobs Engineering Group Inc ,NYSE,JEC,_- Industrials / Industrial Conglomerates
Johnson & Johnson ,NYSE,JNJ,_- Health Care / Health Care Equipment & Services
Johnson Controls Inc ,NYSE,JCI,_- Consumer Discretionary / Auto Parts & Equipment
Joy Global Inc. ,NYSE,JOY,_- Industrials / Industrial Machinery
JPMorgan Chase & Co. ,NYSE,JPM,_- Financials / Banks
"Juniper Networks, Inc. ",NYSE,JNPR,_- Information Technology / Networking Equipment
Kansas City Southern ,NYSE,KSU,_- Industrials / Railroads
Kellogg Company ,NYSE,K,_- Consumer Staples / Packaged Foods & Meats
KeyCorp ,NYSE,KEY,_- Financials / Banks
Keurig Green Mountain Inc ,NASDAQ,GMCR,_- Consumer Staples / Packaged Foods & Meats
Kimberly Clark Corp ,NYSE,KMB,_- Consumer Staples / Household Products
Kimco Realty Corp ,NYSE,KIM,_- Financials / REITs
Kinder Morgan Inc ,NYSE,KMI,_- Energy / Oil & Gas Refining & Marketing & Transportation
KLA-Tencor Corp ,NASDAQ,KLAC,_- Information Technology / Semiconductor Equipment
Kohl's Corporation ,NYSE,KSS,_- Consumer Discretionary / General Merchandise Stores
Kraft Foods Group Inc ,NASDAQ,KRFT,_- Consumer Staples / Packaged Foods & Meats
Kroger Co ,NYSE,KR,_- Consumer Staples / Food Retail
L Brands Inc ,NYSE,LB,_- Consumer Discretionary / Apparel Retail
"L-3 Communications Holdings, Inc. ",NYSE,LLL,_- Industrials / Industrial Conglomerates
Laboratory Corp. of America Holdings ,NYSE,LH,_- Health Care / Health Care Facilities
Lam Research Corporation ,NASDAQ,LRCX,_- Information Technology / Semiconductor Equipment
Legg Mason Inc ,NYSE,LM,_- Financials / Asset Management & Custody Banks
"Leggett & Platt, Inc. ",NYSE,LEG,_- Industrials / Industrial Conglomerates
Lennar Corporation ,NYSE,LEN,_- Consumer Discretionary / Homebuilding
"Level 3 Communications, Inc. ",NYSE,LVLT,_- Telecommunications Services / Alternative Carriers
Leucadia National Corp. ,NYSE,LUK,_- Financials / Multi-Sector Holdings
Eli Lilly and Co ,NYSE,LLY,_- Health Care / Pharmaceuticals
Lincoln National Corporation ,NYSE,LNC,_- Financials / Multi-line Insurance
Linear Technology Corporation ,NASDAQ,LLTC,_- Information Technology / Semiconductors
Lockheed Martin Corporation ,NYSE,LMT,_- Industrials / Aerospace & Defense
Loews Corporation ,NYSE,L,_- Financials / Multi-Sector Holdings
Lorillard Inc. ,NYSE,LO,_- Consumer Staples / Tobacco
"Lowe's Companies, Inc. ",NYSE,LOW,_- Consumer Discretionary / Home Improvement Retail
LyondellBasell Industries NV ,NYSE,LYB,_- Materials / Diversified Chemicals
M&T Bank Corporation ,NYSE,MTB,_- Financials / Banks
Macerich Co ,NYSE,MAC,_- Financials / Retail REITs
"Macy's, Inc. ",NYSE,M,_- Consumer Discretionary / Department Stores
Mallinckrodt PLC ,NYSE,MNK,_- Health Care / Pharmaceuticals
Marathon Oil Corporation ,NYSE,MRO,_- Energy / Oil & Gas Exploration & Production
Marathon Petroleum Corp ,NYSE,MPC,_- Energy / Oil & Gas Refining & Marketing & Transportation
Marriott International Inc ,NASDAQ,MAR,"_- Consumer Discretionary / Hotels, Resorts & Cruise Lines"
"Marsh & McLennan Companies, Inc. ",NYSE,MMC,_- Financials / Insurance Brokers
"Martin Marietta Materials, Inc. ",NYSE,MLM,_- Materials / Construction Materials
Masco Corporation ,NYSE,MAS,_- Industrials / Building Products
Mastercard Inc ,NYSE,MA,_- Information Technology / Internet Software & Services
"Mattel, Inc. ",NASDAQ,MAT,_- Consumer Discretionary / Leisure Products
"McCormick & Company, Incorporated ",NYSE,MKC,_- Consumer Staples / Packaged Foods & Meats
McDonald's Corporation ,NYSE,MCD,_- Consumer Discretionary / Restaurants
McGraw Hill Financial Inc ,NYSE,MHFI,_- Financials / Diversified Financial Services
McKesson Corporation ,NYSE,MCK,_- Health Care / Health Care Distributors & Services
Mead Johnson Nutrition CO ,NYSE,MJN,_- Consumer Staples / Packaged Foods & Meats
MeadWestvaco Corp. ,NYSE,MWV,_- Materials / Paper Packaging
Medtronic PLC ,NYSE,MDT,_- Health Care / Health Care Equipment & Services
"Merck & Co., Inc. ",NYSE,MRK,_- Health Care / Pharmaceuticals
Metlife Inc ,NYSE,MET,_- Financials / Life & Health Insurance
Michael Kors Holdings Ltd ,NYSE,KORS,"_- Consumer Discretionary / Apparel, Accessories & Luxury Goods"
Microchip Technology Inc. ,NASDAQ,MCHP,_- Information Technology / Semiconductors
"Micron Technology, Inc. ",NASDAQ,MU,_- Information Technology / Semiconductors
Microsoft Corporation ,NASDAQ,MSFT,_- Information Technology / Systems Software
"Mohawk Industries, Inc. ",NYSE,MHK,_- Consumer Discretionary / Home Furnishings
Molson Coors Brewing Company ,NYSE,TAP,_- Consumer Staples / Brewers
Mondelez International Inc ,NASDAQ,MDLZ,_- Consumer Staples / Packaged Foods & Meats
Monsanto Company ,NYSE,MON,_- Materials / Fertilizers & Agricultural Chemicals
Monster Beverage Corp ,NASDAQ,MNST,_- Consumer Staples / Soft Drinks
Moody's Corporation ,NYSE,MCO,_- Financials / Diversified Financial Services
Morgan Stanley ,NYSE,MS,_- Financials / Investment Banking & Brokerage
Mosaic Co ,NYSE,MOS,_- Materials / Fertilizers & Agricultural Chemicals
Motorola Solutions Inc ,NYSE,MSI,_- Information Technology / Telecommunications Equipment
Murphy Oil Corporation ,NYSE,MUR,_- Energy / Integrated Oil & Gas
Mylan NV ,NASDAQ,MYL,_- Health Care / Pharmaceuticals
"NASDAQ OMX Group, Inc. ",NASDAQ,NDAQ,_- Financials / Diversified Financial Services
"National-Oilwell Varco, Inc. ",NYSE,NOV,_- Energy / Oil & Gas Equipment & Services
Navient Corp ,NASDAQ,NAVI,_- Financials / Consumer Finance
NetApp Inc. ,NASDAQ,NTAP,_- Information Technology / Internet Software & Services
"Netflix, Inc. ",NASDAQ,NFLX,_- Information Technology / Internet Software & Services
Newell Rubbermaid Inc. ,NYSE,NWL,_- Consumer Discretionary / Housewares & Specialties
Newfield Exploration Co. ,NYSE,NFX,_- Energy / Oil & Gas Exploration & Production
Newmont Mining Corp ,NYSE,NEM,_- Materials / Gold
News Corp ,NASDAQ,NWSA,_- Consumer Discretionary / Publishing
NextEra Energy Inc ,NYSE,NEE,_- Utilities / MultiUtilities
Nielsen NV ,NYSE,NLSN,_- Industrials / Research & Consulting Services
Nike Inc ,NYSE,NKE,"_- Consumer Discretionary / Apparel, Accessories & Luxury Goods"
NiSource Inc. ,NYSE,NI,_- Utilities / MultiUtilities
Noble Corp plc ,NYSE,NE,_- Energy / Oil & Gas Drilling
"Noble Energy, Inc. ",NYSE,NBL,_- Energy / Oil & Gas Exploration & Production
"Nordstrom, Inc. ",NYSE,JWN,_- Consumer Discretionary / Department Stores
Norfolk Southern Corp. ,NYSE,NSC,_- Industrials / Railroads
Northern Trust Corporation ,NASDAQ,NTRS,_- Financials / Asset Management & Custody Banks
Northrop Grumman Corporation ,NYSE,NOC,_- Industrials / Aerospace & Defense
NRG Energy Inc ,NYSE,NRG,_- Utilities / Independent Power Producers & Energy Traders
Nucor Corporation ,NYSE,NUE,_- Materials / Steel
NVIDIA Corporation ,NASDAQ,NVDA,_- Information Technology / Semiconductors
O'Reilly Automotive Inc ,NASDAQ,ORLY,_- Consumer Discretionary / Specialty Stores
Occidental Petroleum Corporation ,NYSE,OXY,_- Energy / Oil & Gas Exploration & Production
Omnicom Group Inc. ,NYSE,OMC,_- Consumer Discretionary / Advertising
"ONEOK, Inc. ",NYSE,OKE,_- Energy / Oil & Gas Exploration & Production
Oracle Corporation ,NYSE,ORCL,_- Information Technology / Application Software
Owens-Illinois Inc ,NYSE,OI,_- Materials / Metal & Glass Containers
PACCAR Inc ,NASDAQ,PCAR,_- Industrials / Construction & Farm Machinery & Heavy Trucks
Pall Corporation ,NYSE,PLL,_- Industrials / Industrial Conglomerates
Parker-Hannifin Corporation ,NYSE,PH,_- Industrials / Industrial Conglomerates
"Patterson Companies, Inc. ",NASDAQ,PDCO,_- Health Care / Health Care Supplies
"Paychex, Inc. ",NASDAQ,PAYX,_- Information Technology / Internet Software & Services
Pentair plc. ,NYSE,PNR,_- Industrials / Industrial Conglomerates
"People's United Financial, Inc. ",NASDAQ,PBCT,_- Financials / Thrifts & Mortgage Finance
"Pepco Holdings, Inc. ",NYSE,POM,_- Utilities / Electric Utilities
"PepsiCo, Inc. ",NYSE,PEP,_- Consumer Staples / Soft Drinks
"PerkinElmer, Inc. ",NYSE,PKI,_- Health Care / Health Care Equipment & Services
Perrigo Company plc ,NYSE,PRGO,_- Health Care / Pharmaceuticals
Pfizer Inc. ,NYSE,PFE,_- Health Care / Pharmaceuticals
PG&E Corporation ,NYSE,PCG,_- Utilities / MultiUtilities
Philip Morris International Inc. ,NYSE,PM,_- Consumer Staples / Tobacco
Phillips 66 ,NYSE,PSX,_- Energy / Oil & Gas Refining & Marketing & Transportation
Pinnacle West Capital Corporation ,NYSE,PNW,_- Utilities / MultiUtilities
Pioneer Natural Resources ,NYSE,PXD,_- Energy / Oil & Gas Exploration & Production
Pitney Bowes Inc. ,NYSE,PBI,_- Industrials / Office Services & Supplies
Plum Creek Timber Co. Inc. ,NYSE,PCL,_- Financials / REITs
PNC Financial Services Group Inc ,NYSE,PNC,_- Financials / Banks
"PPG Industries, Inc. ",NYSE,PPG,_- Materials / Diversified Chemicals
PPL Corporation ,NYSE,PPL,_- Utilities / Electric Utilities
"Praxair, Inc. ",NYSE,PX,_- Materials / Industrial Gases
Precision Castparts Corp. ,NYSE,PCP,_- Industrials / Industrial Conglomerates
Priceline Group Inc ,NASDAQ,PCLN,"_- Consumer Discretionary / Hotels, Resorts & Cruise Lines"
Principal Financial Group Inc ,NYSE,PFG,_- Financials / Diversified Financial Services
Procter & Gamble Co ,NYSE,PG,_- Consumer Staples / Personal Products
Progressive Corp ,NYSE,PGR,_- Financials / Property & Casualty Insurance
Prologis Inc ,NYSE,PLD,_- Financials / Diversified Financial Services
Prudential Financial Inc ,NYSE,PRU,_- Financials / Diversified Financial Services
Public Service Enterprise Group Inc. ,NYSE,PEG,_- Utilities / Electric Utilities
Public Storage ,NYSE,PSA,_- Financials / REITs
"PulteGroup, Inc. ",NYSE,PHM,_- Consumer Discretionary / Homebuilding
PVH Corp ,NYSE,PVH,"_- Consumer Discretionary / Apparel, Accessories & Luxury Goods"
QEP Resources Inc ,NYSE,QEP,_- Energy / Oil & Gas Exploration & Production
Quanta Services Inc ,NYSE,PWR,_- Industrials / Industrial Conglomerates
"QUALCOMM, Inc. ",NASDAQ,QCOM,_- Information Technology / Semiconductors
Quest Diagnostics Inc ,NYSE,DGX,_- Health Care / Health Care Facilities
Ralph Lauren Corp ,NYSE,RL,"_- Consumer Discretionary / Apparel, Accessories & Luxury Goods"
Range Resources Corp. ,NYSE,RRC,_- Energy / Oil & Gas Exploration & Production
Raytheon Company ,NYSE,RTN,_- Industrials / Aerospace & Defense
Realty Income Corp ,NYSE,O,_- Financials / Office REITs
Red Hat Inc ,NYSE,RHT,_- Information Technology / Systems Software
Regeneron Pharmaceuticals Inc ,NASDAQ,REGN,_- Health Care / Biotechnology
Regions Financial Corp ,NYSE,RF,_- Financials / Diversified Financial Services
"Republic Services, Inc. ",NYSE,RSG,_- Industrials / Industrial Conglomerates
"Reynolds American, Inc. ",NYSE,RAI,_- Consumer Staples / Tobacco
Robert Half International Inc. ,NYSE,RHI,
Rockwell Automation ,NYSE,ROK,_- Industrials / Industrial Conglomerates
"Rockwell Collins, Inc. ",NYSE,COL,_- Industrials / Industrial Conglomerates
Roper Technologies Inc ,NYSE,ROP,_- Industrials / Industrial Conglomerates
"Ross Stores, Inc. ",NASDAQ,ROST,_- Consumer Discretionary / Apparel Retail
Royal Caribbean Cruises Ltd ,NYSE,RCL,"_- Consumer Discretionary / Hotel, Resorts and Cruise Lines"
"Ryder System, Inc. ",NYSE,R,_- Industrials / Industrial Conglomerates
"salesforce.com, inc. ",NYSE,CRM,_- Information Technology / Internet Software & Services
SanDisk Corporation ,NASDAQ,SNDK,_- Information Technology / Computer Storage & Peripherals
SCANA Corporation ,NYSE,SCG,_- Utilities / MultiUtilities
Schlumberger Limited. ,NYSE,SLB,_- Energy / Oil & Gas Equipment & Services
"Scripps Networks Interactive, Inc. ",NYSE,SNI,_- Consumer Discretionary / Broadcasting & Cable TV
Seagate Technology PLC ,NASDAQ,STX,#NAME?
Sealed Air Corp ,NYSE,SEE,_- Materials / Paper Packaging
Sempra Energy ,NYSE,SRE,_- Utilities / MultiUtilities
Sherwin-Williams Co ,NYSE,SHW,_- Materials / Specialty Chemicals
Sigma-Aldrich Corporation ,NASDAQ,SIAL,_- Materials / Diversified Chemicals
Simon Property Group Inc ,NYSE,SPG,_- Financials / REITs
Skyworks Solutions Inc ,NASDAQ,SWKS,_- Information Technology / Semiconductors
SL Green Realty Corp ,NYSE,SLG,_- Financials / Office REITs
Smucker ,J.M.,, 
Snap-on Incorporated ,NYSE,SNA,_- Consumer Discretionary / Household Appliances
Southern Co ,NYSE,SO,_- Utilities / Electric Utilities
Southwest Airlines Co ,NYSE,LUV,_- Industrials / Airlines
Southwestern Energy Company ,NYSE,SWN,_- Energy / Oil & Gas Exploration & Production
Spectra Energy Corp. ,NYSE,SE,_- Energy / Oil & Gas Refining & Marketing & Transportation
"St. Jude Medical, Inc. ",NYSE,STJ,_- Health Care / Health Care Equipment & Services
"Stanley Black & Decker, Inc. ",NYSE,SWK,_- Consumer Discretionary / Household Appliances
"Staples, Inc. ",NASDAQ,SPLS,_- Consumer Discretionary / Specialty Stores
Starbucks Corporation ,NASDAQ,SBUX,_- Consumer Discretionary / Restaurants
Starwood Hotels & Resorts Worldwide Inc ,NYSE,HOT,"_- Consumer Discretionary / Hotels, Resorts & Cruise Lines"
State Street Corp ,NYSE,STT,_- Financials / Diversified Financial Services
Stericycle Inc ,NASDAQ,SRCL,_- Industrials / Industrial Conglomerates
Stryker Corporation ,NYSE,SYK,_- Health Care / Health Care Equipment & Services
"SunTrust Banks, Inc. ",NYSE,STI,_- Financials / Banks
Symantec Corporation ,NASDAQ,SYMC,_- Information Technology /_
Application Software,,,
SYSCO Corporation ,NYSE,SYY,_- Consumer Staples / Food Distributors
T. Rowe Price Group Inc ,NASDAQ,TROW,_- Financials / Diversified Financial Services
Target Corporation ,NYSE,TGT,_- Consumer Discretionary / General Merchandise Stores
TE Connectivity Ltd ,NYSE,TEL,_- Information Technology / Electronic Equipment & Instruments
"TECO Energy, Inc. ",NYSE,TE,_- Utilities / Electric Utilities
Tenet Healthcare Corp ,NYSE,THC,_- Health Care / Health Care Facilities
Teradata Corporation ,NYSE,TDC,_- Information Technology / Application Software
Tesoro Corporation ,NYSE,TSO,_- Energy / Oil & Gas Refining & Marketing & Transportation
Texas Instruments Incorporated ,NASDAQ,TXN,_- Information Technology / Semiconductors
Textron Inc. ,NYSE,TXT,_- Industrials / Industrial Conglomerates
Travelers Companies Inc ,NYSE,TRV,_- Financials / Property & Casualty Insurance
Thermo Fisher Scientific Inc. ,NYSE,TMO,_- Health Care / Health Care Equipment & Services
Tiffany & Co. ,NYSE,TIF,"_- Consumer Discretionary / Apparel, Accessories & Luxury Goods"
Time Warner Inc ,NYSE,TWX,_- Consumer Discretionary / Broadcasting & Cable TV
Time Warner Cable Inc ,NYSE,TWC,_- Consumer Discretionary / Broadcasting & Cable TV
TJX Companies Inc ,NYSE,TJX,_- Consumer Discretionary / Apparel Retail
Torchmark Corporation ,NYSE,TMK,_- Financials / Life & Health Insurance
"Total System Services, Inc. ",NYSE,TSS,_- Information Technology / Internet Software & Services
Tractor Supply Company ,NASDAQ,TSCO,_- Consumer Discretionary / Specialty Retail
Transocean LTD ,NYSE,RIG,_- Energy / Oil & Gas Drilling
Tripadvisor Inc ,NASDAQ,TRIP,_- Consumer Discretionary / Internet Retail
Twenty-First Century Fox Inc ,NASDAQ,FOXA,_- Consumer Discretionary / Publishing
"Tyson Foods, Inc. ",NYSE,TSN,_- Consumer Staples / Packaged Foods & Meats
Tyco International ,NYSE,TYC,_- Industrials / Industrial Conglomerates
U.S. Bancorp ,NYSE,USB,_- Financials / Banks
Under Armour Inc ,NYSE,UA,"_- Consumer Discretionary / Apparel, Accessories & Luxury Goods"
Union Pacific Corporation ,NYSE,UNP,_- Industrials / Railroads
UnitedHealth Group Inc. ,NYSE,UNH,_- Health Care / Managed Health Care
"United Parcel Service, Inc. ",NYSE,UPS,_- Industrials / Air Freight & Logistics
"United Rentals, Inc. ",NYSE,URI,_- Industrials / Trading Companies & Distributors
United Technologies Corporation ,NYSE,UTX,_- Industrials / Industrial Conglomerates
"Universal Health Services, Inc. ",NYSE,UHS,_- Health Care / Health Care Facilities
Unum Group ,NYSE,UNM,_- Financials / Diversified Financial Services
"Urban Outfitters, Inc. ",NASDAQ,URBN,_- Consumer Discretionary / Apparel Retail
VF Corp ,NYSE,VFC,"_- Consumer Discretionary / Apparel, Accessories & Luxury Goods"
Valero Energy Corporation ,NYSE,VLO,_- Energy / Oil & Gas Refining & Marketing & Transportation
"Varian Medical Systems, Inc. ",NYSE,VAR,_- Health Care / Health Care Equipment & Services
"Ventas, Inc. ",NYSE,VTR,_- Financials / Diversified Financial Services
"Verisign, Inc. ",NASDAQ,VRSN,_- Information Technology / Internet Software & Services
Verizon Communications Inc. ,NYSE,VZ,_- Telecommunications Services / Integrated Telecommunications Services
Vertex Pharmaceuticals Incorporated ,NASDAQ,VRTX,_- Health Care / Biotechnology
"Viacom, Inc. ",NASDAQ,VIAB,_- Consumer Discretionary / Broadcasting & Cable TV
Visa Inc ,NYSE,V,_- Information Technology / Internet Software & Services
Vornado Realty Trust ,NYSE,VNO,_- Financials / REITs
Vulcan Materials Company ,NYSE,VMC,_- Materials / Construction Materials
"Wal-Mart Stores, Inc. ",NYSE,WMT,_- Consumer Staples / Hypermarkets & Super Centers
Walgreens Boots Alliance Inc ,NYSE,WAG,_- Consumer Staples / Drug Retail
Walt Disney Co ,NYSE,DIS,_- Consumer Discretionary / Broadcasting & Cable TV
"Waste Management, Inc. ",NYSE,WM,_- Industrials / Environmental Services
Waters Corporation ,NYSE,WAT,_- Health Care / Health Care Distributors & Services
Wells Fargo & Co ,NYSE,WFC,_- Financials / Banks
Western Digital Corp ,NASDAQ,WDC,_- Information Technology / Computer Storage & Peripherals
Western Union Company ,NYSE,WU,_- Information Technology / Internet Software & Services
Weyerhaeuser Co ,NYSE,WY,_- Financials / REITs
Whirlpool Corporation ,NYSE,WHR,_- Consumer Discretionary / Household Appliances
"Whole Foods Market, Inc. ",NASDAQ,WFM,_- Consumer Staples / Food Retail
Williams Companies Inc ,NYSE,WMB,_- Energy / Oil & Gas Exploration & Production
Wisconsin Energy Corp ,NYSE,WEC,_- Utilities / Electric Utilities
Wyndham Worldwide Corporation ,NYSE,WYN,"_- Consumer Discretionary / Hotels, Resorts & Cruise Lines"
"Wynn Resorts, Ltd ",NASDAQ,WYNN,_- Consumer Discretionary / Casinos & Gaming
Xcel Energy Inc ,NYSE,XEL,_- Utilities / MultiUtilities
Xerox Corp ,NYSE,XRX,_- Information Technology / IT Consulting & Services
"Xilinx, Inc. ",NASDAQ,XLNX,_- Information Technology / Semiconductors
XL Group plc ,NYSE,XL,_- Financials / Property & Casualty Insurance
Xylem Inc ,NYSE,XYL,_- Industrials / Industrial Conglomerates
Yahoo! Inc. ,NASDAQ,YHOO,_- Information Technology / Internet Software & Services
"Yum! Brands, Inc. ",NYSE,YUM,_- Consumer Discretionary / Restaurants
"Zimmer Holdings, Inc. ",NYSE,ZMH,_- Health Care / Health Care Equipment & Services
Zions Bancorporation ,NASDAQ,ZION,_- Financials / Banks
Zoetis Inc ,NYSE,ZTS,_- Health Care / Pharmaceuticals